{
    "ordering": [
        [
            "A1",
            "B1",
            "C1"
        ],
        [
            "A2",
            "B2",
            "C2"
        ],
        [
            "A3",
            "B3",
            "C3"
        ],
        [
            "A4",
            "B4",
            "C4"
        ],
        [
            "A5",
            "B5",
            "C5"
        ]
    ],
    "brand": {
        "brand": "Shreyas",
        "brandId": [
            "Shreyas"
        ]
    },
    "metadata": {
        "displayName": "Shreyas 15 Well Plate 0.01 µL",
        "displayCategory": "wellPlate",
        "displayVolumeUnits": "µL",
        "tags": []
    },
    "dimensions": {
        "xDimension": 127.9,
        "yDimension": 85,
        "zDimension": 4
    },
    "wells": {
        "A1": {
            "depth": 1,
            "totalLiquidVolume": 0.01,
            "shape": "circular",
            "diameter": 21,
            "x": 19,
            "y": 66,
            "z": 3
        },
        "B1": {
            "depth": 1,
            "totalLiquidVolume": 0.01,
            "shape": "circular",
            "diameter": 21,
            "x": 19,
            "y": 43.4,
            "z": 3
        },
        "C1": {
            "depth": 1,
            "totalLiquidVolume": 0.01,
            "shape": "circular",
            "diameter": 21,
            "x": 19,
            "y": 20.8,
            "z": 3
        },
        "A2": {
            "depth": 1,
            "totalLiquidVolume": 0.01,
            "shape": "circular",
            "diameter": 21,
            "x": 41.6,
            "y": 66,
            "z": 3
        },
        "B2": {
            "depth": 1,
            "totalLiquidVolume": 0.01,
            "shape": "circular",
            "diameter": 21,
            "x": 41.6,
            "y": 43.4,
            "z": 3
        },
        "C2": {
            "depth": 1,
            "totalLiquidVolume": 0.01,
            "shape": "circular",
            "diameter": 21,
            "x": 41.6,
            "y": 20.8,
            "z": 3
        },
        "A3": {
            "depth": 1,
            "totalLiquidVolume": 0.01,
            "shape": "circular",
            "diameter": 21,
            "x": 64.2,
            "y": 66,
            "z": 3
        },
        "B3": {
            "depth": 1,
            "totalLiquidVolume": 0.01,
            "shape": "circular",
            "diameter": 21,
            "x": 64.2,
            "y": 43.4,
            "z": 3
        },
        "C3": {
            "depth": 1,
            "totalLiquidVolume": 0.01,
            "shape": "circular",
            "diameter": 21,
            "x": 64.2,
            "y": 20.8,
            "z": 3
        },
        "A4": {
            "depth": 1,
            "totalLiquidVolume": 0.01,
            "shape": "circular",
            "diameter": 21,
            "x": 86.8,
            "y": 66,
            "z": 3
        },
        "B4": {
            "depth": 1,
            "totalLiquidVolume": 0.01,
            "shape": "circular",
            "diameter": 21,
            "x": 86.8,
            "y": 43.4,
            "z": 3
        },
        "C4": {
            "depth": 1,
            "totalLiquidVolume": 0.01,
            "shape": "circular",
            "diameter": 21,
            "x": 86.8,
            "y": 20.8,
            "z": 3
        },
        "A5": {
            "depth": 1,
            "totalLiquidVolume": 0.01,
            "shape": "circular",
            "diameter": 21,
            "x": 109.4,
            "y": 66,
            "z": 3
        },
        "B5": {
            "depth": 1,
            "totalLiquidVolume": 0.01,
            "shape": "circular",
            "diameter": 21,
            "x": 109.4,
            "y": 43.4,
            "z": 3
        },
        "C5": {
            "depth": 1,
            "totalLiquidVolume": 0.01,
            "shape": "circular",
            "diameter": 21,
            "x": 109.4,
            "y": 20.8,
            "z": 3
        }
    },
    "groups": [
        {
            "metadata": {
                "wellBottomShape": "flat"
            },
            "wells": [
                "A1",
                "B1",
                "C1",
                "A2",
                "B2",
                "C2",
                "A3",
                "B3",
                "C3",
                "A4",
                "B4",
                "C4",
                "A5",
                "B5",
                "C5"
            ]
        }
    ],
    "parameters": {
        "format": "irregular",
        "quirks": [],
        "isTiprack": false,
        "isMagneticModuleCompatible": false,
        "loadName": "shreyas_15_wellplate_0.01ul"
    },
    "namespace": "custom_beta",
    "version": 1,
    "schemaVersion": 2,
    "cornerOffsetFromSlot": {
        "x": 0,
        "y": 0,
        "z": 0
    }
}