{
    "ordering": [
        [
            "A1",
            "B1",
            "C1",
            "D1",
            "E1",
            "F1"
        ],
        [
            "A2",
            "B2",
            "C2",
            "D2",
            "E2",
            "F2"
        ],
        [
            "A3",
            "B3",
            "C3",
            "D3",
            "E3",
            "F3"
        ],
        [
            "A4",
            "B4",
            "C4",
            "D4",
            "E4",
            "F4"
        ],
        [
            "A5",
            "B5",
            "C5",
            "D5",
            "E5",
            "F5"
        ],
        [
            "A6",
            "B6",
            "C6",
            "D6",
            "E6",
            "F6"
        ],
        [
            "A7",
            "B7",
            "C7",
            "D7",
            "E7",
            "F7"
        ],
        [
            "A8",
            "B8",
            "C8",
            "D8",
            "E8",
            "F8"
        ],
        [
            "A9",
            "B9",
            "C9",
            "D9",
            "E9",
            "F9"
        ]
    ],
    "brand": {
        "brand": "trial1",
        "brandId": [
            "trial"
        ]
    },
    "metadata": {
        "displayName": "Trial1 54 Well Plate 5 µL",
        "displayCategory": "wellPlate",
        "displayVolumeUnits": "µL",
        "tags": []
    },
    "dimensions": {
        "xDimension": 127.47,
        "yDimension": 85.47,
        "zDimension": 15.5
    },
    "wells": {
        "A1": {
            "depth": 0.1,
            "totalLiquidVolume": 5,
            "shape": "rectangular",
            "xDimension": 5,
            "yDimension": 5,
            "x": 17.5,
            "y": 61.97,
            "z": 15.4
        },
        "B1": {
            "depth": 0.1,
            "totalLiquidVolume": 5,
            "shape": "rectangular",
            "xDimension": 5,
            "yDimension": 5,
            "x": 17.5,
            "y": 51.97,
            "z": 15.4
        },
        "C1": {
            "depth": 0.1,
            "totalLiquidVolume": 5,
            "shape": "rectangular",
            "xDimension": 5,
            "yDimension": 5,
            "x": 17.5,
            "y": 41.97,
            "z": 15.4
        },
        "D1": {
            "depth": 0.1,
            "totalLiquidVolume": 5,
            "shape": "rectangular",
            "xDimension": 5,
            "yDimension": 5,
            "x": 17.5,
            "y": 31.97,
            "z": 15.4
        },
        "E1": {
            "depth": 0.1,
            "totalLiquidVolume": 5,
            "shape": "rectangular",
            "xDimension": 5,
            "yDimension": 5,
            "x": 17.5,
            "y": 21.97,
            "z": 15.4
        },
        "F1": {
            "depth": 0.1,
            "totalLiquidVolume": 5,
            "shape": "rectangular",
            "xDimension": 5,
            "yDimension": 5,
            "x": 17.5,
            "y": 11.97,
            "z": 15.4
        },
        "A2": {
            "depth": 0.1,
            "totalLiquidVolume": 5,
            "shape": "rectangular",
            "xDimension": 5,
            "yDimension": 5,
            "x": 27.5,
            "y": 61.97,
            "z": 15.4
        },
        "B2": {
            "depth": 0.1,
            "totalLiquidVolume": 5,
            "shape": "rectangular",
            "xDimension": 5,
            "yDimension": 5,
            "x": 27.5,
            "y": 51.97,
            "z": 15.4
        },
        "C2": {
            "depth": 0.1,
            "totalLiquidVolume": 5,
            "shape": "rectangular",
            "xDimension": 5,
            "yDimension": 5,
            "x": 27.5,
            "y": 41.97,
            "z": 15.4
        },
        "D2": {
            "depth": 0.1,
            "totalLiquidVolume": 5,
            "shape": "rectangular",
            "xDimension": 5,
            "yDimension": 5,
            "x": 27.5,
            "y": 31.97,
            "z": 15.4
        },
        "E2": {
            "depth": 0.1,
            "totalLiquidVolume": 5,
            "shape": "rectangular",
            "xDimension": 5,
            "yDimension": 5,
            "x": 27.5,
            "y": 21.97,
            "z": 15.4
        },
        "F2": {
            "depth": 0.1,
            "totalLiquidVolume": 5,
            "shape": "rectangular",
            "xDimension": 5,
            "yDimension": 5,
            "x": 27.5,
            "y": 11.97,
            "z": 15.4
        },
        "A3": {
            "depth": 0.1,
            "totalLiquidVolume": 5,
            "shape": "rectangular",
            "xDimension": 5,
            "yDimension": 5,
            "x": 37.5,
            "y": 61.97,
            "z": 15.4
        },
        "B3": {
            "depth": 0.1,
            "totalLiquidVolume": 5,
            "shape": "rectangular",
            "xDimension": 5,
            "yDimension": 5,
            "x": 37.5,
            "y": 51.97,
            "z": 15.4
        },
        "C3": {
            "depth": 0.1,
            "totalLiquidVolume": 5,
            "shape": "rectangular",
            "xDimension": 5,
            "yDimension": 5,
            "x": 37.5,
            "y": 41.97,
            "z": 15.4
        },
        "D3": {
            "depth": 0.1,
            "totalLiquidVolume": 5,
            "shape": "rectangular",
            "xDimension": 5,
            "yDimension": 5,
            "x": 37.5,
            "y": 31.97,
            "z": 15.4
        },
        "E3": {
            "depth": 0.1,
            "totalLiquidVolume": 5,
            "shape": "rectangular",
            "xDimension": 5,
            "yDimension": 5,
            "x": 37.5,
            "y": 21.97,
            "z": 15.4
        },
        "F3": {
            "depth": 0.1,
            "totalLiquidVolume": 5,
            "shape": "rectangular",
            "xDimension": 5,
            "yDimension": 5,
            "x": 37.5,
            "y": 11.97,
            "z": 15.4
        },
        "A4": {
            "depth": 0.1,
            "totalLiquidVolume": 5,
            "shape": "rectangular",
            "xDimension": 5,
            "yDimension": 5,
            "x": 47.5,
            "y": 61.97,
            "z": 15.4
        },
        "B4": {
            "depth": 0.1,
            "totalLiquidVolume": 5,
            "shape": "rectangular",
            "xDimension": 5,
            "yDimension": 5,
            "x": 47.5,
            "y": 51.97,
            "z": 15.4
        },
        "C4": {
            "depth": 0.1,
            "totalLiquidVolume": 5,
            "shape": "rectangular",
            "xDimension": 5,
            "yDimension": 5,
            "x": 47.5,
            "y": 41.97,
            "z": 15.4
        },
        "D4": {
            "depth": 0.1,
            "totalLiquidVolume": 5,
            "shape": "rectangular",
            "xDimension": 5,
            "yDimension": 5,
            "x": 47.5,
            "y": 31.97,
            "z": 15.4
        },
        "E4": {
            "depth": 0.1,
            "totalLiquidVolume": 5,
            "shape": "rectangular",
            "xDimension": 5,
            "yDimension": 5,
            "x": 47.5,
            "y": 21.97,
            "z": 15.4
        },
        "F4": {
            "depth": 0.1,
            "totalLiquidVolume": 5,
            "shape": "rectangular",
            "xDimension": 5,
            "yDimension": 5,
            "x": 47.5,
            "y": 11.97,
            "z": 15.4
        },
        "A5": {
            "depth": 0.1,
            "totalLiquidVolume": 5,
            "shape": "rectangular",
            "xDimension": 5,
            "yDimension": 5,
            "x": 57.5,
            "y": 61.97,
            "z": 15.4
        },
        "B5": {
            "depth": 0.1,
            "totalLiquidVolume": 5,
            "shape": "rectangular",
            "xDimension": 5,
            "yDimension": 5,
            "x": 57.5,
            "y": 51.97,
            "z": 15.4
        },
        "C5": {
            "depth": 0.1,
            "totalLiquidVolume": 5,
            "shape": "rectangular",
            "xDimension": 5,
            "yDimension": 5,
            "x": 57.5,
            "y": 41.97,
            "z": 15.4
        },
        "D5": {
            "depth": 0.1,
            "totalLiquidVolume": 5,
            "shape": "rectangular",
            "xDimension": 5,
            "yDimension": 5,
            "x": 57.5,
            "y": 31.97,
            "z": 15.4
        },
        "E5": {
            "depth": 0.1,
            "totalLiquidVolume": 5,
            "shape": "rectangular",
            "xDimension": 5,
            "yDimension": 5,
            "x": 57.5,
            "y": 21.97,
            "z": 15.4
        },
        "F5": {
            "depth": 0.1,
            "totalLiquidVolume": 5,
            "shape": "rectangular",
            "xDimension": 5,
            "yDimension": 5,
            "x": 57.5,
            "y": 11.97,
            "z": 15.4
        },
        "A6": {
            "depth": 0.1,
            "totalLiquidVolume": 5,
            "shape": "rectangular",
            "xDimension": 5,
            "yDimension": 5,
            "x": 67.5,
            "y": 61.97,
            "z": 15.4
        },
        "B6": {
            "depth": 0.1,
            "totalLiquidVolume": 5,
            "shape": "rectangular",
            "xDimension": 5,
            "yDimension": 5,
            "x": 67.5,
            "y": 51.97,
            "z": 15.4
        },
        "C6": {
            "depth": 0.1,
            "totalLiquidVolume": 5,
            "shape": "rectangular",
            "xDimension": 5,
            "yDimension": 5,
            "x": 67.5,
            "y": 41.97,
            "z": 15.4
        },
        "D6": {
            "depth": 0.1,
            "totalLiquidVolume": 5,
            "shape": "rectangular",
            "xDimension": 5,
            "yDimension": 5,
            "x": 67.5,
            "y": 31.97,
            "z": 15.4
        },
        "E6": {
            "depth": 0.1,
            "totalLiquidVolume": 5,
            "shape": "rectangular",
            "xDimension": 5,
            "yDimension": 5,
            "x": 67.5,
            "y": 21.97,
            "z": 15.4
        },
        "F6": {
            "depth": 0.1,
            "totalLiquidVolume": 5,
            "shape": "rectangular",
            "xDimension": 5,
            "yDimension": 5,
            "x": 67.5,
            "y": 11.97,
            "z": 15.4
        },
        "A7": {
            "depth": 0.1,
            "totalLiquidVolume": 5,
            "shape": "rectangular",
            "xDimension": 5,
            "yDimension": 5,
            "x": 77.5,
            "y": 61.97,
            "z": 15.4
        },
        "B7": {
            "depth": 0.1,
            "totalLiquidVolume": 5,
            "shape": "rectangular",
            "xDimension": 5,
            "yDimension": 5,
            "x": 77.5,
            "y": 51.97,
            "z": 15.4
        },
        "C7": {
            "depth": 0.1,
            "totalLiquidVolume": 5,
            "shape": "rectangular",
            "xDimension": 5,
            "yDimension": 5,
            "x": 77.5,
            "y": 41.97,
            "z": 15.4
        },
        "D7": {
            "depth": 0.1,
            "totalLiquidVolume": 5,
            "shape": "rectangular",
            "xDimension": 5,
            "yDimension": 5,
            "x": 77.5,
            "y": 31.97,
            "z": 15.4
        },
        "E7": {
            "depth": 0.1,
            "totalLiquidVolume": 5,
            "shape": "rectangular",
            "xDimension": 5,
            "yDimension": 5,
            "x": 77.5,
            "y": 21.97,
            "z": 15.4
        },
        "F7": {
            "depth": 0.1,
            "totalLiquidVolume": 5,
            "shape": "rectangular",
            "xDimension": 5,
            "yDimension": 5,
            "x": 77.5,
            "y": 11.97,
            "z": 15.4
        },
        "A8": {
            "depth": 0.1,
            "totalLiquidVolume": 5,
            "shape": "rectangular",
            "xDimension": 5,
            "yDimension": 5,
            "x": 87.5,
            "y": 61.97,
            "z": 15.4
        },
        "B8": {
            "depth": 0.1,
            "totalLiquidVolume": 5,
            "shape": "rectangular",
            "xDimension": 5,
            "yDimension": 5,
            "x": 87.5,
            "y": 51.97,
            "z": 15.4
        },
        "C8": {
            "depth": 0.1,
            "totalLiquidVolume": 5,
            "shape": "rectangular",
            "xDimension": 5,
            "yDimension": 5,
            "x": 87.5,
            "y": 41.97,
            "z": 15.4
        },
        "D8": {
            "depth": 0.1,
            "totalLiquidVolume": 5,
            "shape": "rectangular",
            "xDimension": 5,
            "yDimension": 5,
            "x": 87.5,
            "y": 31.97,
            "z": 15.4
        },
        "E8": {
            "depth": 0.1,
            "totalLiquidVolume": 5,
            "shape": "rectangular",
            "xDimension": 5,
            "yDimension": 5,
            "x": 87.5,
            "y": 21.97,
            "z": 15.4
        },
        "F8": {
            "depth": 0.1,
            "totalLiquidVolume": 5,
            "shape": "rectangular",
            "xDimension": 5,
            "yDimension": 5,
            "x": 87.5,
            "y": 11.97,
            "z": 15.4
        },
        "A9": {
            "depth": 0.1,
            "totalLiquidVolume": 5,
            "shape": "rectangular",
            "xDimension": 5,
            "yDimension": 5,
            "x": 97.5,
            "y": 61.97,
            "z": 15.4
        },
        "B9": {
            "depth": 0.1,
            "totalLiquidVolume": 5,
            "shape": "rectangular",
            "xDimension": 5,
            "yDimension": 5,
            "x": 97.5,
            "y": 51.97,
            "z": 15.4
        },
        "C9": {
            "depth": 0.1,
            "totalLiquidVolume": 5,
            "shape": "rectangular",
            "xDimension": 5,
            "yDimension": 5,
            "x": 97.5,
            "y": 41.97,
            "z": 15.4
        },
        "D9": {
            "depth": 0.1,
            "totalLiquidVolume": 5,
            "shape": "rectangular",
            "xDimension": 5,
            "yDimension": 5,
            "x": 97.5,
            "y": 31.97,
            "z": 15.4
        },
        "E9": {
            "depth": 0.1,
            "totalLiquidVolume": 5,
            "shape": "rectangular",
            "xDimension": 5,
            "yDimension": 5,
            "x": 97.5,
            "y": 21.97,
            "z": 15.4
        },
        "F9": {
            "depth": 0.1,
            "totalLiquidVolume": 5,
            "shape": "rectangular",
            "xDimension": 5,
            "yDimension": 5,
            "x": 97.5,
            "y": 11.97,
            "z": 15.4
        }
    },
    "groups": [
        {
            "metadata": {
                "wellBottomShape": "flat"
            },
            "wells": [
                "A1",
                "B1",
                "C1",
                "D1",
                "E1",
                "F1",
                "A2",
                "B2",
                "C2",
                "D2",
                "E2",
                "F2",
                "A3",
                "B3",
                "C3",
                "D3",
                "E3",
                "F3",
                "A4",
                "B4",
                "C4",
                "D4",
                "E4",
                "F4",
                "A5",
                "B5",
                "C5",
                "D5",
                "E5",
                "F5",
                "A6",
                "B6",
                "C6",
                "D6",
                "E6",
                "F6",
                "A7",
                "B7",
                "C7",
                "D7",
                "E7",
                "F7",
                "A8",
                "B8",
                "C8",
                "D8",
                "E8",
                "F8",
                "A9",
                "B9",
                "C9",
                "D9",
                "E9",
                "F9"
            ]
        }
    ],
    "parameters": {
        "format": "irregular",
        "quirks": [],
        "isTiprack": false,
        "isMagneticModuleCompatible": false,
        "loadName": "trial1_54_wellplate_5ul"
    },
    "namespace": "custom_beta",
    "version": 1,
    "schemaVersion": 2,
    "cornerOffsetFromSlot": {
        "x": 0,
        "y": 0,
        "z": 0
    }
}