{
    "ordering": [
        [
            "A1",
            "B1",
            "C1",
            "D1",
            "E1"
        ],
        [
            "A2",
            "B2",
            "C2",
            "D2",
            "E2"
        ],
        [
            "A3",
            "B3",
            "C3",
            "D3",
            "E3"
        ],
        [
            "A4",
            "B4",
            "C4",
            "D4",
            "E4"
        ],
        [
            "A5",
            "B5",
            "C5",
            "D5",
            "E5"
        ]
    ],
    "brand": {
        "brand": "amdmlabware",
        "brandId": [
            "shreyas and emha"
        ]
    },
    "metadata": {
        "displayName": "Amdmlabware_25_carbon_stack_5ul",
        "displayCategory": "wellPlate",
        "displayVolumeUnits": "µL",
        "tags": []
    },
    "dimensions": {
        "xDimension": 127.5,
        "yDimension": 85.5,
        "zDimension": 10
    },
    "wells": {
        "A1": {
            "depth": 0.1,
            "totalLiquidVolume": 5,
            "shape": "rectangular",
            "xDimension": 7,
            "yDimension": 10,
            "x": 17,
            "y": 70.5,
            "z": 9.9
        },
        "B1": {
            "depth": 0.1,
            "totalLiquidVolume": 5,
            "shape": "rectangular",
            "xDimension": 7,
            "yDimension": 10,
            "x": 17,
            "y": 68.5,
            "z": 9.9
        },
        "C1": {
            "depth": 0.1,
            "totalLiquidVolume": 5,
            "shape": "rectangular",
            "xDimension": 7,
            "yDimension": 10,
            "x": 17,
            "y": 66.5,
            "z": 9.9
        },
        "D1": {
            "depth": 0.1,
            "totalLiquidVolume": 5,
            "shape": "rectangular",
            "xDimension": 7,
            "yDimension": 10,
            "x": 17,
            "y": 64.5,
            "z": 9.9
        },
        "E1": {
            "depth": 0.1,
            "totalLiquidVolume": 5,
            "shape": "rectangular",
            "xDimension": 7,
            "yDimension": 10,
            "x": 17,
            "y": 62.5,
            "z": 9.9
        },
        "A2": {
            "depth": 0.1,
            "totalLiquidVolume": 5,
            "shape": "rectangular",
            "xDimension": 7,
            "yDimension": 10,
            "x": 18.8,
            "y": 70.5,
            "z": 9.9
        },
        "B2": {
            "depth": 0.1,
            "totalLiquidVolume": 5,
            "shape": "rectangular",
            "xDimension": 7,
            "yDimension": 10,
            "x": 18.8,
            "y": 68.5,
            "z": 9.9
        },
        "C2": {
            "depth": 0.1,
            "totalLiquidVolume": 5,
            "shape": "rectangular",
            "xDimension": 7,
            "yDimension": 10,
            "x": 18.8,
            "y": 66.5,
            "z": 9.9
        },
        "D2": {
            "depth": 0.1,
            "totalLiquidVolume": 5,
            "shape": "rectangular",
            "xDimension": 7,
            "yDimension": 10,
            "x": 18.8,
            "y": 64.5,
            "z": 9.9
        },
        "E2": {
            "depth": 0.1,
            "totalLiquidVolume": 5,
            "shape": "rectangular",
            "xDimension": 7,
            "yDimension": 10,
            "x": 18.8,
            "y": 62.5,
            "z": 9.9
        },
        "A3": {
            "depth": 0.1,
            "totalLiquidVolume": 5,
            "shape": "rectangular",
            "xDimension": 7,
            "yDimension": 10,
            "x": 20.6,
            "y": 70.5,
            "z": 9.9
        },
        "B3": {
            "depth": 0.1,
            "totalLiquidVolume": 5,
            "shape": "rectangular",
            "xDimension": 7,
            "yDimension": 10,
            "x": 20.6,
            "y": 68.5,
            "z": 9.9
        },
        "C3": {
            "depth": 0.1,
            "totalLiquidVolume": 5,
            "shape": "rectangular",
            "xDimension": 7,
            "yDimension": 10,
            "x": 20.6,
            "y": 66.5,
            "z": 9.9
        },
        "D3": {
            "depth": 0.1,
            "totalLiquidVolume": 5,
            "shape": "rectangular",
            "xDimension": 7,
            "yDimension": 10,
            "x": 20.6,
            "y": 64.5,
            "z": 9.9
        },
        "E3": {
            "depth": 0.1,
            "totalLiquidVolume": 5,
            "shape": "rectangular",
            "xDimension": 7,
            "yDimension": 10,
            "x": 20.6,
            "y": 62.5,
            "z": 9.9
        },
        "A4": {
            "depth": 0.1,
            "totalLiquidVolume": 5,
            "shape": "rectangular",
            "xDimension": 7,
            "yDimension": 10,
            "x": 22.4,
            "y": 70.5,
            "z": 9.9
        },
        "B4": {
            "depth": 0.1,
            "totalLiquidVolume": 5,
            "shape": "rectangular",
            "xDimension": 7,
            "yDimension": 10,
            "x": 22.4,
            "y": 68.5,
            "z": 9.9
        },
        "C4": {
            "depth": 0.1,
            "totalLiquidVolume": 5,
            "shape": "rectangular",
            "xDimension": 7,
            "yDimension": 10,
            "x": 22.4,
            "y": 66.5,
            "z": 9.9
        },
        "D4": {
            "depth": 0.1,
            "totalLiquidVolume": 5,
            "shape": "rectangular",
            "xDimension": 7,
            "yDimension": 10,
            "x": 22.4,
            "y": 64.5,
            "z": 9.9
        },
        "E4": {
            "depth": 0.1,
            "totalLiquidVolume": 5,
            "shape": "rectangular",
            "xDimension": 7,
            "yDimension": 10,
            "x": 22.4,
            "y": 62.5,
            "z": 9.9
        },
        "A5": {
            "depth": 0.1,
            "totalLiquidVolume": 5,
            "shape": "rectangular",
            "xDimension": 7,
            "yDimension": 10,
            "x": 24.2,
            "y": 70.5,
            "z": 9.9
        },
        "B5": {
            "depth": 0.1,
            "totalLiquidVolume": 5,
            "shape": "rectangular",
            "xDimension": 7,
            "yDimension": 10,
            "x": 24.2,
            "y": 68.5,
            "z": 9.9
        },
        "C5": {
            "depth": 0.1,
            "totalLiquidVolume": 5,
            "shape": "rectangular",
            "xDimension": 7,
            "yDimension": 10,
            "x": 24.2,
            "y": 66.5,
            "z": 9.9
        },
        "D5": {
            "depth": 0.1,
            "totalLiquidVolume": 5,
            "shape": "rectangular",
            "xDimension": 7,
            "yDimension": 10,
            "x": 24.2,
            "y": 64.5,
            "z": 9.9
        },
        "E5": {
            "depth": 0.1,
            "totalLiquidVolume": 5,
            "shape": "rectangular",
            "xDimension": 7,
            "yDimension": 10,
            "x": 24.2,
            "y": 62.5,
            "z": 9.9
        }
    },
    "groups": [
        {
            "metadata": {
                "wellBottomShape": "flat"
            },
            "wells": [
                "A1",
                "B1",
                "C1",
                "D1",
                "E1",
                "A2",
                "B2",
                "C2",
                "D2",
                "E2",
                "A3",
                "B3",
                "C3",
                "D3",
                "E3",
                "A4",
                "B4",
                "C4",
                "D4",
                "E4",
                "A5",
                "B5",
                "C5",
                "D5",
                "E5"
            ]
        }
    ],
    "parameters": {
        "format": "irregular",
        "quirks": [],
        "isTiprack": false,
        "isMagneticModuleCompatible": false,
        "loadName": "amdmlabware_25_carbon_stack_5ul"
    },
    "namespace": "custom_beta",
    "version": 1,
    "schemaVersion": 2,
    "cornerOffsetFromSlot": {
        "x": 0,
        "y": 0,
        "z": 0
    }
}