{
    "ordering": [
        [
            "A1",
            "B1",
            "C1",
            "D1",
            "E1"
        ],
        [
            "A2",
            "B2",
            "C2",
            "D2",
            "E2"
        ],
        [
            "A3",
            "B3",
            "C3",
            "D3",
            "E3"
        ],
        [
            "A4",
            "B4",
            "C4",
            "D4",
            "E4"
        ],
        [
            "A5",
            "B5",
            "C5",
            "D5",
            "E5"
        ],
        [
            "A6",
            "B6",
            "C6",
            "D6",
            "E6"
        ],
        [
            "A7",
            "B7",
            "C7",
            "D7",
            "E7"
        ],
        [
            "A8",
            "B8",
            "C8",
            "D8",
            "E8"
        ],
        [
            "A9",
            "B9",
            "C9",
            "D9",
            "E9"
        ]
    ],
    "brand": {
        "brand": "AMDM_labware",
        "brandId": [
            "Shreyas"
        ]
    },
    "metadata": {
        "displayName": "AMDM_labware 45 Tube Rack with Eppendorff 2 mL",
        "displayCategory": "tubeRack",
        "displayVolumeUnits": "µL",
        "tags": []
    },
    "dimensions": {
        "xDimension": 127.75,
        "yDimension": 85.5,
        "zDimension": 75
    },
    "wells": {
        "A1": {
            "depth": 38,
            "totalLiquidVolume": 2000,
            "shape": "circular",
            "diameter": 10.5,
            "x": 18.52,
            "y": 66.98,
            "z": 37
        },
        "B1": {
            "depth": 38,
            "totalLiquidVolume": 2000,
            "shape": "circular",
            "diameter": 10.5,
            "x": 18.52,
            "y": 55.98,
            "z": 37
        },
        "C1": {
            "depth": 38,
            "totalLiquidVolume": 2000,
            "shape": "circular",
            "diameter": 10.5,
            "x": 18.52,
            "y": 44.98,
            "z": 37
        },
        "D1": {
            "depth": 38,
            "totalLiquidVolume": 2000,
            "shape": "circular",
            "diameter": 10.5,
            "x": 18.52,
            "y": 33.98,
            "z": 37
        },
        "E1": {
            "depth": 38,
            "totalLiquidVolume": 2000,
            "shape": "circular",
            "diameter": 10.5,
            "x": 18.52,
            "y": 22.98,
            "z": 37
        },
        "A2": {
            "depth": 38,
            "totalLiquidVolume": 2000,
            "shape": "circular",
            "diameter": 10.5,
            "x": 29.52,
            "y": 66.98,
            "z": 37
        },
        "B2": {
            "depth": 38,
            "totalLiquidVolume": 2000,
            "shape": "circular",
            "diameter": 10.5,
            "x": 29.52,
            "y": 55.98,
            "z": 37
        },
        "C2": {
            "depth": 38,
            "totalLiquidVolume": 2000,
            "shape": "circular",
            "diameter": 10.5,
            "x": 29.52,
            "y": 44.98,
            "z": 37
        },
        "D2": {
            "depth": 38,
            "totalLiquidVolume": 2000,
            "shape": "circular",
            "diameter": 10.5,
            "x": 29.52,
            "y": 33.98,
            "z": 37
        },
        "E2": {
            "depth": 38,
            "totalLiquidVolume": 2000,
            "shape": "circular",
            "diameter": 10.5,
            "x": 29.52,
            "y": 22.98,
            "z": 37
        },
        "A3": {
            "depth": 38,
            "totalLiquidVolume": 2000,
            "shape": "circular",
            "diameter": 10.5,
            "x": 40.52,
            "y": 66.98,
            "z": 37
        },
        "B3": {
            "depth": 38,
            "totalLiquidVolume": 2000,
            "shape": "circular",
            "diameter": 10.5,
            "x": 40.52,
            "y": 55.98,
            "z": 37
        },
        "C3": {
            "depth": 38,
            "totalLiquidVolume": 2000,
            "shape": "circular",
            "diameter": 10.5,
            "x": 40.52,
            "y": 44.98,
            "z": 37
        },
        "D3": {
            "depth": 38,
            "totalLiquidVolume": 2000,
            "shape": "circular",
            "diameter": 10.5,
            "x": 40.52,
            "y": 33.98,
            "z": 37
        },
        "E3": {
            "depth": 38,
            "totalLiquidVolume": 2000,
            "shape": "circular",
            "diameter": 10.5,
            "x": 40.52,
            "y": 22.98,
            "z": 37
        },
        "A4": {
            "depth": 38,
            "totalLiquidVolume": 2000,
            "shape": "circular",
            "diameter": 10.5,
            "x": 51.52,
            "y": 66.98,
            "z": 37
        },
        "B4": {
            "depth": 38,
            "totalLiquidVolume": 2000,
            "shape": "circular",
            "diameter": 10.5,
            "x": 51.52,
            "y": 55.98,
            "z": 37
        },
        "C4": {
            "depth": 38,
            "totalLiquidVolume": 2000,
            "shape": "circular",
            "diameter": 10.5,
            "x": 51.52,
            "y": 44.98,
            "z": 37
        },
        "D4": {
            "depth": 38,
            "totalLiquidVolume": 2000,
            "shape": "circular",
            "diameter": 10.5,
            "x": 51.52,
            "y": 33.98,
            "z": 37
        },
        "E4": {
            "depth": 38,
            "totalLiquidVolume": 2000,
            "shape": "circular",
            "diameter": 10.5,
            "x": 51.52,
            "y": 22.98,
            "z": 37
        },
        "A5": {
            "depth": 38,
            "totalLiquidVolume": 2000,
            "shape": "circular",
            "diameter": 10.5,
            "x": 62.52,
            "y": 66.98,
            "z": 37
        },
        "B5": {
            "depth": 38,
            "totalLiquidVolume": 2000,
            "shape": "circular",
            "diameter": 10.5,
            "x": 62.52,
            "y": 55.98,
            "z": 37
        },
        "C5": {
            "depth": 38,
            "totalLiquidVolume": 2000,
            "shape": "circular",
            "diameter": 10.5,
            "x": 62.52,
            "y": 44.98,
            "z": 37
        },
        "D5": {
            "depth": 38,
            "totalLiquidVolume": 2000,
            "shape": "circular",
            "diameter": 10.5,
            "x": 62.52,
            "y": 33.98,
            "z": 37
        },
        "E5": {
            "depth": 38,
            "totalLiquidVolume": 2000,
            "shape": "circular",
            "diameter": 10.5,
            "x": 62.52,
            "y": 22.98,
            "z": 37
        },
        "A6": {
            "depth": 38,
            "totalLiquidVolume": 2000,
            "shape": "circular",
            "diameter": 10.5,
            "x": 73.52,
            "y": 66.98,
            "z": 37
        },
        "B6": {
            "depth": 38,
            "totalLiquidVolume": 2000,
            "shape": "circular",
            "diameter": 10.5,
            "x": 73.52,
            "y": 55.98,
            "z": 37
        },
        "C6": {
            "depth": 38,
            "totalLiquidVolume": 2000,
            "shape": "circular",
            "diameter": 10.5,
            "x": 73.52,
            "y": 44.98,
            "z": 37
        },
        "D6": {
            "depth": 38,
            "totalLiquidVolume": 2000,
            "shape": "circular",
            "diameter": 10.5,
            "x": 73.52,
            "y": 33.98,
            "z": 37
        },
        "E6": {
            "depth": 38,
            "totalLiquidVolume": 2000,
            "shape": "circular",
            "diameter": 10.5,
            "x": 73.52,
            "y": 22.98,
            "z": 37
        },
        "A7": {
            "depth": 38,
            "totalLiquidVolume": 2000,
            "shape": "circular",
            "diameter": 10.5,
            "x": 84.52,
            "y": 66.98,
            "z": 37
        },
        "B7": {
            "depth": 38,
            "totalLiquidVolume": 2000,
            "shape": "circular",
            "diameter": 10.5,
            "x": 84.52,
            "y": 55.98,
            "z": 37
        },
        "C7": {
            "depth": 38,
            "totalLiquidVolume": 2000,
            "shape": "circular",
            "diameter": 10.5,
            "x": 84.52,
            "y": 44.98,
            "z": 37
        },
        "D7": {
            "depth": 38,
            "totalLiquidVolume": 2000,
            "shape": "circular",
            "diameter": 10.5,
            "x": 84.52,
            "y": 33.98,
            "z": 37
        },
        "E7": {
            "depth": 38,
            "totalLiquidVolume": 2000,
            "shape": "circular",
            "diameter": 10.5,
            "x": 84.52,
            "y": 22.98,
            "z": 37
        },
        "A8": {
            "depth": 38,
            "totalLiquidVolume": 2000,
            "shape": "circular",
            "diameter": 10.5,
            "x": 95.52,
            "y": 66.98,
            "z": 37
        },
        "B8": {
            "depth": 38,
            "totalLiquidVolume": 2000,
            "shape": "circular",
            "diameter": 10.5,
            "x": 95.52,
            "y": 55.98,
            "z": 37
        },
        "C8": {
            "depth": 38,
            "totalLiquidVolume": 2000,
            "shape": "circular",
            "diameter": 10.5,
            "x": 95.52,
            "y": 44.98,
            "z": 37
        },
        "D8": {
            "depth": 38,
            "totalLiquidVolume": 2000,
            "shape": "circular",
            "diameter": 10.5,
            "x": 95.52,
            "y": 33.98,
            "z": 37
        },
        "E8": {
            "depth": 38,
            "totalLiquidVolume": 2000,
            "shape": "circular",
            "diameter": 10.5,
            "x": 95.52,
            "y": 22.98,
            "z": 37
        },
        "A9": {
            "depth": 38,
            "totalLiquidVolume": 2000,
            "shape": "circular",
            "diameter": 10.5,
            "x": 106.52,
            "y": 66.98,
            "z": 37
        },
        "B9": {
            "depth": 38,
            "totalLiquidVolume": 2000,
            "shape": "circular",
            "diameter": 10.5,
            "x": 106.52,
            "y": 55.98,
            "z": 37
        },
        "C9": {
            "depth": 38,
            "totalLiquidVolume": 2000,
            "shape": "circular",
            "diameter": 10.5,
            "x": 106.52,
            "y": 44.98,
            "z": 37
        },
        "D9": {
            "depth": 38,
            "totalLiquidVolume": 2000,
            "shape": "circular",
            "diameter": 10.5,
            "x": 106.52,
            "y": 33.98,
            "z": 37
        },
        "E9": {
            "depth": 38,
            "totalLiquidVolume": 2000,
            "shape": "circular",
            "diameter": 10.5,
            "x": 106.52,
            "y": 22.98,
            "z": 37
        }
    },
    "groups": [
        {
            "brand": {
                "brand": "Eppendorff",
                "brandId": [
                    "Eppendorff"
                ]
            },
            "metadata": {
                "wellBottomShape": "flat",
                "displayCategory": "tubeRack"
            },
            "wells": [
                "A1",
                "B1",
                "C1",
                "D1",
                "E1",
                "A2",
                "B2",
                "C2",
                "D2",
                "E2",
                "A3",
                "B3",
                "C3",
                "D3",
                "E3",
                "A4",
                "B4",
                "C4",
                "D4",
                "E4",
                "A5",
                "B5",
                "C5",
                "D5",
                "E5",
                "A6",
                "B6",
                "C6",
                "D6",
                "E6",
                "A7",
                "B7",
                "C7",
                "D7",
                "E7",
                "A8",
                "B8",
                "C8",
                "D8",
                "E8",
                "A9",
                "B9",
                "C9",
                "D9",
                "E9"
            ]
        }
    ],
    "parameters": {
        "format": "irregular",
        "quirks": [],
        "isTiprack": false,
        "isMagneticModuleCompatible": false,
        "loadName": "amdmlabware_45_tuberack_2000ul"
    },
    "namespace": "custom_beta",
    "version": 1,
    "schemaVersion": 2,
    "cornerOffsetFromSlot": {
        "x": 0,
        "y": 0,
        "z": 0
    }
}